,Cluster,Optimal Weight
0,0,0.06591069456137179
1,1,-0.4017778681283765
2,2,1.3358671735670047
