,Mean Return,Volatility
0,0.0004530756840324827,0.013186614096772357
1,0.00021038600456185655,0.012850387316603214
2,0.0006124413160902075,0.012962660493937236
