,Mean Return,Volatility
0,0.0005106670566866956,0.013124191320639115
1,0.0009873817436687432,0.01488859351632888
2,0.00019753823906119172,0.012877146052940063
